Set,Clock,antennaSTR,clientRSSI,bssidRSSI
0,7.371712923,9,-45,-29
0,8.399248838,16,-59,-37
0,9.327377796,25,-45,-37
1,18.31457686,9,-33,-30
1,19.33835077,16,-47,-29
1,28.33347392,25,-25,-35
2,29.36149693,9,-47,-48
2,38.35609698,16,-29,-35
2,39.38066292,25,-47,-42
3,48.27592683,9,-38,-22
3,49.40139484,16,-47,-24
3,58.38973999,25,-36,-24
4,59.32271695,9,-47,-23
4,67.31237292,16,-47,-21
4,68.34042788,25,-47,-26
5,69.37350297,9,-47,-22
5,78.36708093,16,-55,-23
5,79.29294777,25,-47,-21
6,88.28666282,9,-53,-23
6,89.41237879,16,-47,-24
6,98.30128789,25,-53,-23
7,99.33372784,9,-47,-22
7,108.3303988,16,-53,-37
7,109.3569078,25,-47,-21
8,128.3480978,9,-55,-29
8,129.2780299,16,-47,-28
8,138.3574688,25,-21,-56
9,149.3815329,9,-47,-54
9,158.377996,16,-21,-53
9,159.305511,25,-47,-41
10,168.2978268,9,-23,-35
10,188.299439,16,-25,-25
10,189.4263299,25,-47,-21
11,198.3182979,9,-25,-41
11,199.3435309,16,-47,-54
11,208.3417149,25,-25,-43
12,209.3768318,9,-47,-23
12,218.2788599,16,-25,-55
12,219.3068159,25,-49,-25
13,228.4045508,9,-36,-25
13,229.3361239,16,-57,-26
13,238.333555,25,-25,-36
14,239.3693879,9,-47,-34
14,247.3589509,16,-47,-28
14,249.301307,25,-47,-27
15,257.2981088,9,-47,-24
15,258.3260829,16,-37,-26
15,259.3610959,25,-45,-23
16,268.3640409,9,-47,-28
16,269.292146,16,-47,-42
16,278.2862329,25,-36,-34
17,279.4184709,9,-47,-48
17,288.3222058,16,-47,-45
17,289.3584459,25,-47,-56
18,298.3515329,9,-25,-42
18,299.2766788,16,-45,-27
18,318.359571,25,-55,-23
19,319.3945768,9,-57,-23
19,328.39518,16,-37,-23
19,329.4314678,25,-47,-35
20,338.338352,9,-73,-36
20,339.3716209,16,-47,-25
20,348.3772919,25,-33,-35
21,358.398495,9,-75,-29
21,359.336473,16,-21,-31
21,378.3275149,25,-45,-30
22,379.368958,9,-47,-27
22,388.3778059,16,-73,-27
22,389.3085599,25,-45,-27
23,398.3125119,9,-61,-27
23,399.347734,16,-45,-28
23,408.3411019,25,-38,-29
24,409.2714479,9,-45,-25
24,417.3741798,16,-47,-27
24,418.3230498,25,-45,-29
25,419.3614268,9,-45,-26
25,428.3532908,16,-73,-27
25,429.2817919,25,-45,-27
26,438.3883698,9,-71,-27
26,439.3192668,16,-45,-24
26,448.3171959,25,-71,-26
27,449.3513069,9,-47,-32
27,458.3514769,16,-73,-23
27,459.3901899,25,-23,-26
28,468.2939718,9,-61,-27
28,469.4281189,16,-47,-42
28,478.3248918,25,-71,-27
29,479.3646019,9,-21,-25
29,488.3981798,16,-37,-23
29,489.3382039,25,-23,-21
30,498.3394468,9,-71,-25
30,499.3706429,16,-21,-25
30,508.3833299,25,-73,-24
31,509.3259399,9,-47,-23
31,518.3294239,16,-73,-28
31,519.3672578,25,-47,-23
32,528.371383,9,-36,-24
32,529.4061708,16,-21,-23
32,538.40256,25,-38,-24
33,539.3395958,9,-21,-23
33,548.331033,16,-36,-23
33,568.4207799,25,-57,-30
34,569.370904,9,-47,-21
34,578.383652,16,-61,-23
34,579.3144789,25,-49,-48
35,588.316926,9,-71,-44
35,589.3496208,16,-47,-26
35,598.355793,25,-61,-28
36,599.294297,9,-47,-23
36,608.3958299,16,-49,-25
36,609.352474,25,-21,-24
37,618.3938498,9,-79,-28
37,620.3372419,16,-49,-37
37,628.3451958,25,-47,-25
38,629.3875828,9,-47,-27
38,638.2968709,16,-71,-27
38,639.3343918,25,-45,-28
39,647.348002,9,-43,-24
39,648.2860138,16,-35,-25
39,649.318157,25,-45,-25
40,658.3334608,9,-23,-23
40,659.3751798,16,-45,-23
40,668.3934109,25,-53,-29
41,679.3258338,9,-47,-26
41,688.3389919,16,-33,-29
41,689.3815699,25,-47,-23
42,698.4016888,9,-36,-27
42,699.3413768,16,-45,-26
42,708.3568149,25,-21,-26
43,709.294843,9,-47,-31
43,718.4147668,16,-55,-25
43,719.3542938,25,-45,-25
44,728.3713109,9,-55,-26
44,729.3067198,16,-45,-25
44,738.315393,25,-57,-23
45,739.3594539,9,-47,-23
45,758.381326,16,-75,-40
45,759.3224039,25,-43,-22
46,768.326911,9,-73,-27
46,769.3671319,16,-47,-31
46,778.2769179,25,-25,-29
47,779.318048,9,-23,-33
47,788.3300278,16,-47,-26
47,789.3719778,25,-47,-23
48,798.382458,9,-61,-26
48,799.3436079,16,-47,-24
48,808.3418078,25,-57,-32
49,819.37781,9,-47,-24
49,828.3940539,16,-61,-27
49,829.3323109,25,-47,-23
50,838.3411009,9,-55,-23
50,839.3793888,16,-21,-25
50,848.382859,25,-53,-37
51,849.3370259,9,-47,-33
51,858.3468149,16,-55,-28
51,859.3067219,25,-47,-25
52,868.4315829,9,-57,-33
52,869.3692098,16,-47,-24
52,878.3738208,25,-33,-23
53,879.317451,9,-47,-25
53,888.3256319,16,-33,-30
53,889.3628938,25,-47,-28
54,898.3070338,9,-55,-25
54,899.3477068,16,-47,-25
54,908.3680809,25,-55,-24
55,919.2925189,9,-47,-23
55,928.3464148,16,-25,-22
55,929.3916628,25,-23,-27
56,948.3891349,9,-57,-26
56,949.331671,16,-47,-24
56,958.3667898,25,-49,-35
57,959.4159729,9,-47,-33
57,968.3233659,16,-61,-35
57,979.5050628,25,-47,-33
58,988.4307618,9,-59,-33
58,989.3782029,16,-47,-30
58,1008.319524,25,-59,-29
59,1009.301509,9,-45,-27
59,1018.360595,16,-37,-25
59,1019.302238,25,-47,-25
60,1028.322373,9,-33,-53
60,1029.393788,16,-43,-53
60,1038.319886,25,-21,-22
61,1039.37109,9,-43,-46
61,1048.331639,16,-45,-32
61,1049.380061,25,-45,-40
62,1058.332656,9,-25,-46
62,1059.380609,16,-43,-55
62,1068.297625,25,-45,-55
63,1069.448242,9,-43,-53
63,1078.371117,16,-25,-46
63,1079.418965,25,-43,-53
64,1088.356159,9,-61,-42
64,1089.404328,16,-45,-23
64,1098.420496,25,-43,-25
65,1099.397121,9,-45,-28
65,1108.428697,16,-33,-26
65,1109.376186,25,-47,-25
66,1118.444741,9,-61,-35
66,1119.39034,16,-47,-27
66,1128.315632,25,-75,-30
67,1129.381273,9,-45,-26
67,1138.406118,16,-57,-32
67,1139.355715,25,-43,-35
68,1148.376808,9,-53,-46
68,1149.42344,16,-47,-52
68,1158.360823,25,-53,-29
69,1159.415017,9,-47,-23
69,1168.341661,16,-21,-29
69,1169.386815,25,-43,-30
70,1178.436429,9,-47,-35
70,1179.386502,16,-27,-57
70,1198.363043,25,-57,-25
71,1199.33848,9,-43,-25
71,1208.395769,16,-21,-32
71,1209.350743,25,-43,-28
72,1218.414325,9,-55,-37
72,1219.36986,16,-41,-39
72,1228.292468,25,-43,-35
73,1229.362752,9,-43,-39
73,1238.30854,16,-23,-35
73,1239.375428,25,-43,-39
74,1248.365576,9,-25,-31
74,1259.32133,16,-43,-25
74,1268.3958,25,-57,-29
75,1269.356885,9,-43,-31
75,1278.302088,16,-71,-45
75,1279.352365,25,-47,-25
76,1288.325541,9,-43,-25
76,1289.387593,16,-43,-30
76,1297.320501,25,-43,-29
77,1298.813274,9,-38,-34
77,1299.364656,16,-43,-30
77,1308.433205,25,-38,-33
78,1309.388798,9,-53,-38
78,1318.288725,16,-21,-33
78,1319.997896,25,-45,-29
79,1328.346488,9,-35,-33
79,1329.403339,16,-43,-25
79,1338.376196,25,-73,-23
80,1339.333075,9,-45,-36
80,1348.608558,16,-53,-30
80,1349.412205,25,-43,-28
81,1358.293729,9,-47,-25
81,1359.346686,16,-47,-47
81,1368.309375,25,-35,-29
82,1369.364107,9,-43,-29
82,1388.426973,16,-38,-29
82,1389.38842,25,-43,-27
83,1398.347992,9,-57,-37
83,1409.319079,16,-41,-33
83,1418.358847,25,-73,-35
84,1419.331329,9,-43,-25
84,1428.320805,16,-35,-29
84,1429.382504,25,-43,-27
85,1438.321318,9,-57,-34
85,1459.361525,16,-41,-24
85,1468.339562,25,-23,-25
86,1469.418488,9,-41,-25
86,1478.281941,16,-32,-22
86,1479.34487,25,-43,-24
87,1488.578723,9,-25,-26
87,1498.331232,16,-29,-35
87,1499.410358,25,-43,-23
88,1508.378291,9,-29,-27
88,1509.442677,16,-43,-24
88,1518.376309,25,-23,-25
89,1519.347294,9,-43,-49
89,1528.307595,16,-30,-41
89,1529.409133,25,-43,-21
90,1538.306765,9,-27,-41
90,1539.357941,16,-43,-21
90,1548.342817,25,-47,-28
91,1549.318839,9,-47,-25
91,1558.383502,16,-47,-38
91,1559.351419,25,-45,-28
92,1578.35652,9,-61,-36
92,1579.322785,16,-71,-49
92,1588.531226,25,-37,-32
93,1589.327794,9,-47,-36
93,1598.31475,16,-57,-23
93,1609.391003,25,-43,-25
94,1618.333336,9,-53,-30
94,1638.337017,16,-21,-28
94,1639.297208,25,-45,-37
95,1648.289832,9,-51,-34
95,1649.359843,16,-43,-36
95,1658.322092,25,-43,-37
96,1659.400556,9,-43,-29
96,1668.350197,16,-53,-39
96,1670.407767,25,-43,-37
97,1678.293475,9,-32,-38
97,1680.342344,16,-55,-27
97,1688.282801,25,-23,-24
98,1690.385845,9,-43,-37
98,1698.356497,16,-43,-29
98,1699.324702,25,-29,-27
99,1708.355232,9,-51,-23
99,1709.424145,16,-23,-21
99,1718.394796,25,-53,-24
100,1719.366792,9,-57,-37
100,1728.315264,16,-27,-29
100,1729.374003,25,-47,-28
101,1738.363361,9,-25,-27
101,1740.326536,16,-53,-24
101,1748.29615,25,-79,-25
102,1749.370965,9,-47,-32
102,1758.333709,16,-45,-25
102,1759.300545,25,-47,-24
103,1768.287732,9,-75,-24
103,1770.358384,16,-45,-24
103,1778.342102,25,-45,-23
104,1779.408529,9,-43,-54
104,1788.331353,16,-43,-24
104,1789.282517,25,-43,-23
105,1798.35305,9,-23,-27
105,1810.352211,16,-43,-2
105,1828.324715,25,-35,-46
106,1829.328437,9,-29,-22
106,1838.38811,16,-43,-22
106,1839.354763,25,-43,-47
107,1848.346661,9,-25,-32
107,1849.340571,16,-43,-23
107,1858.383884,25,-32,-26
108,1859.35753,9,-21,-27
108,1868.34575,16,-57,-53
108,1870.346347,25,-43,-52
109,1878.349601,9,-43,-24
109,1889.36537,16,-43,-53
109,1898.357102,25,-21,-33
110,1900.342271,9,-45,-46
110,1908.327074,16,-36,-33
110,1909.38785,25,-43,-47
111,1918.300376,9,-43,-23
111,1920.286697,16,-43,-23
111,1928.347168,25,-75,-33
112,1929.442348,9,-21,-53
112,1938.310165,16,-38,-29
112,1939.389985,25,-47,-25
113,1948.295804,9,-47,-26
113,1949.367648,16,-47,-29
113,1958.347516,25,-47,-23
114,1960.337807,9,-49,-23
114,1968.353364,16,-33,-36
114,1980.376177,25,-45,-27
115,1988.411648,9,-23,-34
115,1990.306255,16,-43,-35
115,1998.359166,25,-34,-27
116,1999.34124,9,-38,-28
116,2018.305909,16,-45,-34
116,2020.385004,25,-47,-28
117,2028.367869,9,-25,-31
117,2030.359765,16,-47,-29
117,2038.344587,25,-29,-21
118,2040.395912,9,-47,-27
118,2048.363708,16,-35,-31
118,2049.347481,25,-23,-26
119,2058.373239,9,-39,-36
119,2059.363456,16,-47,-40
119,2068.344611,25,-25,-41
120,2070.382988,9,-35,-36
120,2078.445541,16,-37,-32
120,2079.448643,25,-21,-28
121,2088.349962,9,-57,-36
121,2090.333484,16,-47,-47
121,2098.387469,25,-21,-32
122,2099.397637,9,-47,-25
122,2108.329951,16,-53,-33
122,2110.343223,25,-21,-35
123,2118.384549,9,-33,-29
123,2119.365047,16,-23,-25
123,2129.391711,25,-25,-30
124,2138.385729,9,-25,-33
124,2140.386963,16,-43,-54
124,2148.325323,25,-55,-38
125,2159.38014,9,-53,-29
125,2168.384755,16,-71,-31
125,2170.399437,25,-45,-34
126,2178.324628,9,-55,-24
126,2179.406327,16,-47,-21
126,2188.402504,25,-55,-24
127,2190.324902,9,-47,-22
127,2208.364764,16,-57,-25
127,2210.292373,25,-57,-23
128,2218.384774,9,-55,-25
128,2220.335949,16,-47,-2
128,2228.320451,25,-55,-34
129,2240.40377,9,-47,-27
129,2250.304143,16,-47,-27
129,2259.368537,25,-47,-45
130,2278.285685,9,-55,-37
130,2279.387809,16,-39,-39
130,2288.333952,25,-53,-31
131,2290.376439,9,-47,-28
131,2299.408772,16,-47,-43
131,2318.361812,25,-38,-33
132,2319.375692,9,-53,-41
132,2338.379533,16,-57,-27
132,2340.387085,25,-21,-26
133,2350.381733,9,-43,-26
133,2358.342861,16,-33,-25
133,2359.371928,25,-47,-29
134,2368.310917,9,-59,-30
134,2369.388262,16,-47,-35
134,2378.334755,25,-37,-41
135,2380.365508,9,-45,-38
135,2398.754548,16,-21,-29
135,2399.373092,25,-43,-37
136,2408.399123,9,-57,-34
136,2410.330867,16,-43,-27
136,2418.362673,25,-43,-32
137,2419.376405,9,-43,-29
137,2428.364508,16,-37,-28
137,2429.447076,25,-43,-45
138,2438.391953,9,-55,-35
138,2439.492157,16,-53,-43
138,2448.326176,25,-36,-37
139,2460.3764,9,-43,-44
139,2468.294908,16,-59,-27
139,2479.394436,25,-43,-35
140,2490.302506,9,-43,-27
140,2499.404977,16,-57,-37
140,2518.335287,25,-43,-29
141,2530.410113,9,-43,-25
141,2538.306822,16,-33,-27
141,2539.450206,25,-55,-27
142,2548.37928,9,-43,-31
142,2550.329599,16,-49,-34
142,2558.435387,25,-43,-53
143,2559.375257,9,-43,-28
143,2568.346554,16,-47,-24
143,2569.36712,25,-49,-33
144,2578.33707,9,-49,-25
144,2588.324394,16,-23,-33
144,2589.43951,25,-45,-35
145,2598.36859,9,-21,-33
145,2600.337919,16,-29,-39
145,2608.386937,25,-45,-33
146,2609.417959,9,-25,-35
146,2618.359744,16,-21,-31
146,2620.370015,25,-45,-29
147,2628.327894,9,-36,-35
147,2630.31569,16,-47,-35
147,2638.317124,25,-43,-31
148,2640.337229,9,-45,-34
148,2648.44197,16,-57,-40
148,2650.393754,25,-43,-37
149,2658.357293,9,-51,-34
149,2668.381867,16,-23,-41
149,2670.316136,25,-47,-36
150,2678.365255,9,-47,-37
150,2679.370221,16,-47,-39
150,2688.469026,25,-47,-37
151,2690.493306,9,-47,-37
151,2698.354448,16,-25,-32
151,2700.330989,25,-47,-32
152,2719.48955,9,-47,-33
152,2738.367548,16,-47,-36
152,2739.424755,25,-47,-37
153,2750.389873,9,-47,-30
153,2758.338192,16,-21,-33
153,2768.324228,25,-23,-36
154,2788.420861,9,-25,-31
154,2789.459972,16,-47,-29
154,2798.383533,25,-57,-34
155,2800.373241,9,-49,-35
155,2808.35549,16,-38,-37
155,2810.318998,25,-47,-45
156,2830.378138,9,-25,-48
156,2838.481857,16,-57,-24
156,2840.927561,25,-47,-53
157,2860.397745,9,-47,-27
157,2868.407344,16,-35,-27
157,2871.174667,25,-47,-27
158,2879.818958,9,-33,-32
158,2889.500511,16,-34,-29
158,2908.592855,25,-34,-37
159,2918.426837,9,-35,-32
159,2919.523322,16,-21,-39
159,2928.440353,25,-71,-33
160,2929.521489,9,-75,-37
160,2938.394172,16,-34,-32
160,2939.429337,25,-73,-35
161,2948.384331,9,-37,-35
161,2949.468436,16,-23,-36
161,2968.391642,25,-73,-38
162,2971.947952,9,-47,-32
162,2978.416842,16,-38,-29
162,2979.477993,25,-49,-27
163,2988.384731,9,-57,-28
163,2990.351592,16,-49,-35
163,2998.389151,25,-61,-35
164,2999.445668,9,-79,-37
164,3009.519055,16,-49,-39
164,3018.429789,25,-57,-36
165,3019.562671,9,-79,-21
165,3028.400087,16,-59,-43
165,3030.406546,25,-43,-48
166,3038.450007,9,-61,-24
166,3040.385152,16,-47,-22
166,3048.432301,25,-35,-27
167,3050.403949,9,-45,-25
167,3059.462685,16,-47,-25
167,3068.421059,25,-57,-27
168,3070.976533,9,-47,-24
168,3078.408423,16,-57,-35
168,3079.606459,25,-57,-31
169,3088.38053,9,-57,-27
169,3090.421312,16,-47,-24
169,3098.541346,25,-47,-25
170,3100.387497,9,-47,-25
170,3108.391094,16,-47,-30
170,3109.484783,25,-57,-32
171,3118.411884,9,-38,-23
171,3122.589523,16,-53,-27
171,3130.355202,25,-47,-29
172,3138.393424,9,-38,-30
172,3139.441426,16,-47,-29
172,3158.371893,25,-55,-39
173,3168.338056,9,-47,-24
173,3169.410258,16,-61,-24
173,3183.50611,25,-47,-25
174,3190.005433,9,-53,-23
174,3198.460596,16,-53,-28
174,3199.514168,25,-47,-29
175,3208.407875,9,-55,-31
175,3209.562429,16,-71,-29
175,3218.402387,25,-57,-25
176,3220.414751,9,-47,-34
176,3228.42579,16,-57,-25
176,3230.404572,25,-61,-24
177,3248.455506,9,-25,-32
177,3250.5925,16,-21,-33
177,3258.40153,25,-73,-24
178,3260.397828,9,-47,-21
178,3268.341065,16,-25,-34
178,3270.474766,25,-47,-21
179,3278.412121,9,-29,-43
179,3288.395645,16,-25,-38
179,3290.402657,25,-45,-37
180,3318.512226,9,-25,-35
180,3320.454916,16,-45,-31
180,3328.403759,25,-21,-41
181,3330.364527,9,-43,-41
181,3358.743568,16,-43,-29
181,3369.432226,25,-34,-40
182,3378.499096,9,-47,-37
182,3379.57997,16,-47,-47
182,3389.653807,25,-35,-29
183,3399.218789,9,-47,-31
183,3408.492092,16,-47,-37
183,3410.398974,25,-47,-37
184,3420.374605,9,-43,-35
184,3429.659909,16,-27,-43
184,3438.463078,25,-45,-35
185,3439.687953,9,-34,-41
185,3448.425183,16,-53,-34
185,3450.471091,25,-45,-35
186,3458.591292,9,-23,-37
186,3460.407302,16,-45,-40
186,3469.654633,25,-21,-37
187,3478.429659,9,-21,-42
187,3480.405628,16,-43,-38
187,3488.409621,25,-47,-33
188,3490.398525,9,-45,-39
188,3499.570369,16,-29,-71
188,3508.466749,25,-75,-28
189,3510.467638,9,-43,-23
189,3519.525436,16,-53,-25
189,3539.56645,25,-43,-21
190,3548.476185,9,-57,-28
190,3550.56057,16,-43,-29
190,3559.780228,25,-55,-36
191,3568.450335,9,-51,-36
191,3570.396816,16,-43,-39
191,3578.426339,25,-51,-35
192,3580.449854,9,-43,-35
192,3598.471025,16,-43,-37
192,3600.397399,25,-45,-27
193,3608.542376,9,-51,-26
193,3610.465338,16,-43,-27
193,3618.442808,25,-49,-27
194,3620.473721,9,-43,-28
194,3629.587733,16,-43,-29
194,3638.43963,25,-51,-31
195,3640.47556,9,-43,-39
195,3650.381541,16,-43,-35
195,3660.460368,25,-43,-29
196,3668.399048,9,-49,-33
196,3669.767986,16,-53,-35
196,3678.397307,25,-21,-40
197,3680.448302,9,-43,-53
197,3690.462081,16,-57,-29
197,3699.525842,25,-53,-39
198,3708.486686,9,-38,-29
198,3710.424026,16,-41,-29
198,3720.442742,25,-45,-27
199,3729.60165,9,-47,-29
199,3738.429875,16,-59,-30
199,3740.503044,25,-45,-46
200,3750.446878,9,-43,-25
200,3760.489726,16,-47,-49
200,3770.419375,25,-43,-23
201,3798.474154,9,-51,-24
201,3799.744005,16,-43,-25
201,3810.442304,25,-43,-33
202,3820.529824,9,-43,-26
202,3830.42947,16,-43,-25
202,3839.756737,25,-43,-29
203,3848.550013,9,-25,-25
203,3878.408433,16,-23,-28
203,3880.445304,25,-45,-27
204,3890.393296,9,-47,-24
204,3898.415015,16,-33,-25
204,3899.723738,25,-21,-23
205,3908.487784,9,-21,-30
205,3910.428325,16,-45,-25
205,3920.535297,25,-47,-21
206,3929.569171,9,-23,-23
206,3938.525491,16,-33,-26
206,3940.589216,25,-43,-26
207,3958.489264,9,-35,-50
207,3960.476535,16,-47,-21
207,3980.48635,25,-43,-28
208,3990.382046,9,-47,-29
208,4010.418025,16,-77,-37
208,4020.453783,25,-47,-53
209,4030.396557,9,-45,-53
209,4049.544581,16,-57,-45
209,4058.586096,25,-55,-34
210,4070.589696,9,-45,-27
210,4078.479062,16,-57,-29
210,4080.395665,25,-43,-33
211,4090.572267,9,-45,-30
211,4118.606598,16,-47,-27
211,4138.524478,25,-73,-33
212,4150.420291,9,-47,-27
212,4160.238266,16,-73,-27
212,4178.857569,25,-47,-22
213,4188.528009,9,-21,-41
213,4190.488846,16,-47,-53
213,4200.916284,25,-47,-28
214,4208.418471,9,-57,-27
214,4218.523595,16,-38,-27
214,4220.420931,25,-57,-25
215,4238.429906,9,-53,-54
215,4248.457145,16,-71,-23
215,4250.57115,25,-49,-55
216,4259.88601,9,-61,-25
216,4279.081857,16,-25,-24
216,4294.417849,25,-45,-23
217,4308.510788,9,-21,-25
217,4311.715768,16,-45,-33
217,4318.74789,25,-37,-25
218,4340.458488,9,-47,-23
218,4349.855788,16,-38,-27
218,4360.657515,25,-47,-24
219,4370.696561,9,-47,-23
219,4378.528165,16,-59,-25
219,4380.445731,25,-47,-23
220,4390.640146,9,-47,-24
220,4398.493082,16,-33,-42
220,4400.541699,25,-47,-56
221,4410.551788,9,-49,-21
221,4430.737251,16,-43,-54
221,4438.605991,25,-23,-40
222,4468.619757,9,-73,-26
222,4479.721191,16,-59,-26
222,4488.476881,25,-21,-30
223,4498.46517,9,-34,-26
223,4500.875456,16,-47,-35
223,4508.945275,25,-55,-23
224,4518.671779,9,-57,-25
224,4530.555407,16,-47,-25
224,4538.60669,25,-45,-27
225,4549.826375,9,-55,-39
225,4570.085109,16,-55,-26
225,4578.632546,25,-33,-39
226,4580.578475,9,-79,-25
226,4588.6284,16,-33,-35
226,4590.73298,25,-45,-28
227,4599.211973,9,-21,-27
227,4618.671216,16,-36,-27
227,4620.643818,25,-43,-28
228,4628.467081,9,-57,-34
228,4630.464201,16,-47,-33
228,4658.797314,25,-47,-36
229,4679.902601,9,-34,-37
229,4689.580915,16,-61,-40
229,4700.2255,25,-77,-28
230,4708.522808,9,-47,-26
230,4718.680963,16,-75,-23
230,4728.446193,25,-37,-28
231,4730.535829,9,-47,-22
231,4743.086168,16,-47,-27
231,4759.865174,25,-57,-35
232,4770.495384,9,-47,-36
232,4780.473907,16,-45,-25
232,4789.819848,25,-45,-27
233,4810.725309,9,-47,-27
233,4818.533108,16,-55,-27
233,4820.521947,25,-47,-26
234,4828.501794,9,-53,-27
234,4830.67411,16,-43,-29
234,4848.488829,25,-55,-31
235,4850.463405,9,-45,-23
235,4858.509397,16,-33,-28
235,4878.601038,25,-21,-34
236,4890.653946,9,-45,-30
236,4928.579333,16,-79,-53
236,4940.569472,25,-47,-29
237,4948.493268,9,-21,-31
237,4960.498827,16,-47,-21
237,4981.043986,25,-43,-34
238,5010.222453,9,-43,-38
238,5028.670311,16,-45,-35
238,5030.530111,25,-45,-44
239,5038.503084,9,-71,-35
239,5040.542316,16,-43,-35
239,5080.046186,25,-35,-29
240,5088.622012,9,-45,-29
240,5108.509298,16,-34,-29
240,5150.178658,25,-59,-29
241,5229.901123,9,-55,-28
241,5238.49327,16,-53,-32
241,5255.102125,25,-33,-38
242,5289.60836,9,-39,-34
242,5300.054555,16,-43,-31
242,5330.336668,25,-36,-24
243,5421.639114,9,-43,-33
243,5429.808508,16,-53,-25
243,5480.464783,25,-45,-27
244,5614.366729,9,-45,-28
244,5621.690191,16,-47,-35
244,5643.636953,25,-47,-31
245,5660.370062,9,-21,-28
245,5668.654578,16,-37,-23
245,5718.925523,25,-35,-27
246,5730.733115,9,-47,-53
246,5741.663041,16,-45,-53
246,5750.615087,25,-43,-53
247,5770.023072,9,-29,-29
247,5791.425568,16,-47,-25
247,5800.123713,25,-45,-23
248,5811.549965,9,-47,-24
248,5824.720482,16,-45,-23
248,5838.576856,25,-27,-33
249,5850.45012,9,-29,-30
249,5862.37064,16,-47,-37
249,5882.17448,25,-25,-34
250,5900.293911,9,-47,-28
250,5909.161183,16,-34,-29
250,5920.442817,25,-47,-37
251,5930.83397,9,-47,-35
251,5959.849071,16,-37,-26
251,5978.645665,25,-57,-29
252,6010.347207,9,-45,-26
252,6062.826587,16,-45,-29
252,6072.820441,25,-35,-23
253,6110.500256,9,-43,-35
253,6118.575906,16,-57,-33
253,6139.588236,25,-57,-37
254,6160.639235,9,-45,-27
254,6178.722161,16,-47,-33
254,6200.957037,25,-57,-29
255,6280.096851,9,-59,-30
255,6291.709681,16,-47,-27
255,6308.67932,25,-23,-48
256,6316.658016,9,-37,-28
256,6317.587673,16,-38,-28
256,6318.713582,25,-23,-27
257,6326.704058,9,-21,-28
257,6328.539095,16,-45,-55
257,6336.624187,25,-61,-41
258,6348.639578,9,-47,-37
258,6356.628997,16,-61,-27
258,6358.658379,25,-47,-27
259,6366.642836,9,-45,-29
259,6368.682757,16,-47,-30
259,6376.678055,25,-61,-28
260,6388.593574,9,-45,-27
260,6396.579755,16,-49,-54
260,6398.610077,25,-47,-53
261,6406.605899,9,-47,-26
261,6408.6424,16,-57,-28
261,6416.629823,25,-61,-28
262,6418.669022,9,-47,-25
262,6426.663575,16,-73,-31
262,6427.593158,25,-71,-27
263,6436.692183,9,-45,-23
263,6438.630292,16,-43,-21
263,6446.620799,25,-36,-39
264,6448.66275,9,-21,-24
264,6456.652712,16,-45,-23
264,6457.583395,25,-45,-39
265,6466.581386,9,-73,-25
265,6476.685568,16,-61,-29
265,6478.618899,25,-47,-27
266,6486.616278,9,-71,-25
266,6488.555009,16,-45,-25
266,6496.540321,25,-69,-31
267,6497.569638,9,-75,-27
267,6498.599005,16,-47,-23
267,6506.587894,25,-33,-35
268,6508.623723,9,-49,-25
268,6516.614857,16,-37,-26
268,6518.549784,25,-47,-26
269,6526.637893,9,-61,-29
269,6528.57227,16,-47,-30
269,6536.559874,25,-37,-29
270,6537.588629,9,-34,-31
270,6546.581901,16,-75,-26
270,6548.712992,25,-47,-29
271,6556.611107,9,-71,-26
271,6558.642788,16,-23,-25
271,6566.646426,25,-57,-23
272,6568.586376,9,-23,-22
272,6576.578731,16,-33,-26
272,6577.603589,25,-57,-27
273,6586.594981,9,-47,-27
273,6597.598013,16,-73,-31
273,6598.623822,25,-45,-25
274,6606.617862,9,-34,-26
274,6607.547885,16,-61,-29
274,6608.577886,25,-47,-29
275,6616.581194,9,-71,-28
275,6618.616129,16,-47,-30
275,6626.602542,25,-71,-37
276,6628.642477,9,-47,-35
276,6636.630785,16,-34,-36
276,6638.673382,25,-47,-35
277,6646.682937,9,-63,-27
277,6648.62228,16,-45,-44
277,6656.61954,25,-47,-30
278,6657.656769,9,-77,-29
278,6666.581789,16,-34,-33
278,6668.612492,25,-21,-26
279,6676.614391,9,-61,-24
279,6677.648953,16,-61,-29
279,6686.569033,25,-33,-24
280,6688.615971,9,-49,-24
280,6696.613004,16,-61,-42
280,6708.638068,25,-23,-25
281,6716.537556,9,-75,-31
281,6717.567629,16,-73,-34
281,6718.604294,25,-47,-33
282,6726.619538,9,-35,-28
282,6728.567604,16,-47,-28
282,6736.652904,25,-34,-29
283,6747.583145,9,-73,-33
283,6756.584951,16,-47,-32
283,6758.619657,25,-47,-29
284,6766.63278,9,-59,-32
284,6768.573364,16,-47,-33
284,6776.55945,25,-34,-26
285,6786.570774,9,-21,-25
285,6787.601,16,-21,-29
285,6796.598924,25,-73,-37
286,6798.644303,9,-47,-54
286,6806.548324,16,-75,-23
286,6807.578609,25,-59,-28
287,6808.614441,9,-43,-26
287,6816.697336,16,-21,-27
287,6818.650885,25,-21,-54
288,6826.573879,9,-73,-24
288,6828.612181,16,-45,-35
288,6836.619567,25,-55,-21
289,6838.567786,9,-47,-34
289,6846.558322,16,-53,-22
289,6847.59397,25,-53,-25
290,6856.609755,9,-71,-24
290,6858.646306,16,-47,-21
290,6866.652119,25,-57,-21
291,6877.577012,9,-21,-23
291,6886.575536,16,-59,-26
291,6888.613106,25,-47,-23
292,6896.601847,9,-73,-34
292,6898.638715,16,-47,-27
292,6906.645239,25,-47,-33
293,6907.697022,9,-31,-33
293,6916.617891,16,-36,-25
293,6918.531554,25,-47,-2
294,6926.64957,9,-59,-28
294,6928.592303,16,-17,-25
294,6936.582973,25,-47,-46
295,6938.6265,9,-47,-27
295,6946.631069,16,-57,-25
295,6948.56973,25,-47,-24
296,6956.580135,9,-59,-29
296,6958.613895,16,-47,-46
296,6966.728967,25,-57,-40
297,6968.57724,9,-47,-47
297,6976.576388,16,-34,-46
297,6977.73134,25,-55,-23
298,6986.554167,9,-73,-33
298,6987.599109,16,-73,-25
298,6988.636232,25,-47,-27
299,6996.631628,9,-59,-26
299,6998.678279,16,-47,-31
299,7006.590088,25,-37,-24
300,7007.629718,9,-61,-27
300,7016.637554,16,-59,-25
300,7017.58126,25,-36,-75
301,7018.627065,9,-49,-24
301,7026.631813,16,-59,-47
301,7036.67941,25,-59,-25
302,7038.632634,9,-47,-21
302,7046.551774,16,-71,-23
302,7047.585697,25,-37,-23
303,7048.627482,9,-47,-34
303,7056.543334,16,-73,-33
303,7058.595815,25,-47,-38
304,7066.625834,9,-29,-23
304,7067.564138,16,-37,-23
304,7068.708433,25,-47,-21
305,7076.635668,9,-47,-51
305,7077.572436,16,-39,-25
305,7078.606907,25,-47,-23
306,7086.714161,9,-39,-25
306,7088.559679,16,-47,-2
306,7096.671156,25,-36,-24
307,7097.615094,9,-25,-28
307,7098.663006,16,-23,-25
307,7106.577484,25,-32,-41
308,7107.626993,9,-34,-35
308,7116.649591,16,-55,-47
308,7118.589356,25,-45,-53
309,7126.615617,9,-37,-56
309,7127.656159,16,-35,-25
309,7128.693093,25,-45,-46
310,7136.629092,9,-36,-41
310,7146.656381,16,-59,-33
310,7148.709374,25,-47,-28
311,7156.632674,9,-34,-24
311,7158.576664,16,-43,-26
311,7166.60604,25,-47,-29
312,7167.654881,9,-55,-40
312,7168.606164,16,-47,-28
312,7176.603438,25,-53,-24
313,7177.644528,9,-37,-25
313,7178.584061,16,-45,-23
313,7186.580085,25,-37,-41
314,7188.632969,9,-43,-23
314,7196.629724,16,-55,-23
314,7198.598217,25,-47,-22
315,7206.602543,9,-37,-34
315,7207.641709,16,-53,-29
315,7216.654821,25,-53,-27
316,7218.612522,9,-45,-26
316,7226.635762,16,-36,-28
316,7228.587462,25,-45,-35
317,7236.605342,9,-59,-44
317,7238.660145,16,-45,-28
317,7246.573376,25,-59,-25
318,7248.643375,9,-45,-27
318,7256.691172,16,-55,-27
318,7258.64144,25,-47,-27
319,7266.565551,9,-53,-26
319,7267.741917,16,-57,-37
319,7276.659798,25,-55,-27
320,7278.610267,9,-43,-27
320,7286.630689,16,-55,-27
320,7288.602938,25,-45,-26
321,7296.646817,9,-55,-25
321,7308.638079,16,-15,-2
321,7316.559174,25,-53,-40
322,7318.556056,9,-53,-2
322,7326.594252,16,-34,-53
322,7327.650287,25,-33,-53
323,7328.613558,9,-43,-51
323,7336.624219,16,-57,-42
323,7337.568852,25,-53,-23
324,7338.630744,9,-43,-34
324,7346.649405,16,-34,-27
324,7347.596973,25,-35,-25
325,7356.625418,9,-51,-25
325,7358.572768,16,-43,-26
325,7366.684054,25,-51,-27
326,7368.629247,9,-41,-30
326,7376.577692,16,-55,-32
326,7377.634179,25,-37,-37
327,7386.560863,9,-36,-39
327,7387.603497,16,-39,-41
327,7388.646926,25,-43,-47
328,7396.572555,9,-38,-38
328,7398.616395,16,-43,-37
328,7406.618631,25,-71,-40
329,7408.587366,9,-43,-39
329,7416.633256,16,-41,-38
329,7418.584389,25,-41,-37
330,7426.600628,9,-57,-34
330,7438.593408,16,-43,-26
330,7446.625723,25,-37,-35
331,7448.690196,9,-43,-23
331,7456.612132,16,-34,-28
331,7458.66809,25,-43,-44
332,7466.69838,9,-53,-27
332,7468.648542,16,-47,-35
332,7476.681081,25,-57,-33
333,7478.647409,9,-43,-25
333,7486.6667,16,-43,-37
333,7487.631951,25,-53,-25
334,7488.59555,9,-71,-22
334,7496.66922,16,-37,-42
334,7497.612083,25,-53,-37
335,7498.5578,9,-45,-35
335,7506.578663,16,-38,-31
335,7507.542254,25,-71,-29
336,7516.628052,9,-36,-25
336,7517.578951,16,-71,-29
336,7518.625555,25,-43,-28
337,7526.588501,9,-36,-25
337,7527.637685,16,-73,-29
337,7536.615349,25,-43,-22
338,7538.582015,9,-43,-53
338,7546.608402,16,-39,-26
338,7548.560473,25,-47,-24
339,7556.597663,9,-23,-21
339,7557.565304,16,-21,-23
339,7558.619825,25,-49,-48
340,7566.59013,9,-71,-25
340,7568.562111,16,-45,-25
340,7576.614185,25,-43,-24
341,7578.68223,9,-41,-27
341,7586.732328,16,-71,-37
341,7597.569345,25,-43,-35
342,7598.634329,9,-43,-33
342,7606.669775,16,-38,-31
342,7608.625947,25,-43,-33
343,7616.616583,9,-36,-27
343,7618.593146,16,-43,-30
343,7626.607138,25,-37,-34
344,7627.667786,9,-73,-29
344,7636.617949,16,-36,-30
344,7638.584133,25,-38,-28
345,7646.542389,9,-53,-29
345,7648.618555,16,-47,-21
345,7656.56757,25,-71,-25
346,7658.639412,9,-45,-23
346,7666.602531,16,-38,-29
346,7668.654585,25,-43,-31
347,7676.604862,9,-71,-27
347,7678.570224,16,-43,-27
347,7686.623769,25,-75,-28
348,7688.595661,9,-43,-26
348,7696.556077,16,-37,-26
348,7697.608317,25,-73,-32
349,7698.579231,9,-43,-27
349,7706.630403,16,-71,-28
349,7718.640299,25,-43,-27
350,7726.6461,9,-71,-29
350,7728.604736,16,-43,-27
350,7736.653453,25,-55,-26
351,7738.613962,9,-47,-27
351,7746.596796,16,-61,-28
351,7748.686814,25,-43,-26
352,7756.631689,9,-53,-34
352,7758.707674,16,-49,-34
352,7766.568539,25,-61,-25
353,7767.63336,9,-61,-27
353,7776.594312,16,-59,-29
353,7777.639278,25,-61,-35
354,7786.585195,9,-36,-30
354,7788.594629,16,-79,-25
354,7796.641514,25,-61,-28
355,7798.613134,9,-13,-26
355,7806.671027,16,-43,-25
355,7807.624038,25,-35,-29
356,7808.597848,9,-43,-25
356,7816.643904,16,-21,-26
356,7818.602894,25,-43,-25
357,7826.585641,9,-21,-24
357,7828.578045,16,-43,-23
357,7836.589016,25,-43,-24
358,7847.623359,9,-73,-23
358,7848.624332,16,-43,-29
358,7856.673053,25,-51,-51
359,7868.689938,9,-47,-28
359,7876.627832,16,-47,-27
359,7878.696068,25,-45,-21
360,7886.608971,9,-57,-36
360,7888.671055,16,-45,-25
360,7896.636004,25,-57,-25
361,7898.606468,9,-45,-66
361,7906.565552,16,-35,-23
361,7917.670608,25,-59,-28
362,7926.601582,9,-57,-43
362,7928.575811,16,-43,-24
362,7936.657176,25,-39,-21
363,7937.627052,9,-59,-23
363,7946.697931,16,-47,-23
363,7947.670306,25,-47,-26
364,7956.585398,9,-59,-26
364,7958.644011,16,-47,-25
364,7966.598124,25,-47,-25
365,7967.654729,9,-37,-23
365,7976.686822,16,-71,-23
365,7977.653145,25,-34,-25
366,7978.640631,9,-47,-23
366,7986.702378,16,-34,-25
366,7987.678987,25,-34,-27
367,7996.62882,9,-61,-27
367,8007.687933,16,-35,-25
367,8016.629922,25,-15,-27
368,8018.668312,9,-45,-25
368,8026.669863,16,-61,-28
368,8027.638135,25,-73,-27
369,8028.636881,9,-47,-26
369,8036.644111,16,-69,-35
369,8037.616925,25,-33,-35
370,8038.590362,9,-45,-28
370,8046.629608,16,-21,-31
370,8047.597988,25,-59,-36
371,8048.575367,9,-47,-37
371,8056.664879,16,-35,-27
371,8057.650741,25,-57,-29
372,8066.629709,9,-37,-27
372,8068.6548,16,-47,-27
372,8076.575517,25,-59,-28
373,8078.649133,9,-59,-33
373,8086.602867,16,-61,-24
373,8088.642659,25,-45,-53
374,8096.630251,9,-55,-31
374,8097.630291,16,-73,-29
374,8106.639288,25,-75,-21
375,8107.61835,9,-37,-30
375,8116.571512,16,-36,-41
375,8118.550566,25,-49,-47
376,8126.586532,9,-77,-35
376,8128.616869,16,-75,-45
376,8136.594295,25,-61,-34
377,8147.563025,9,-34,-25
377,8156.654441,16,-33,-22
377,8168.643499,25,-23,-29
378,8176.613257,9,-32,-34
378,8177.688414,16,-33,-35
378,8186.620217,25,-61,-42
379,8188.642541,9,-21,-29
379,8196.626058,16,-32,-27
379,8198.637736,25,-21,-27
380,8206.647167,9,-61,-29
380,8208.657931,16,-21,-28
380,8216.619708,25,-71,-48
381,8218.70885,9,-21,-39
381,8226.564832,16,-61,-38
381,8228.6328,25,-49,-46
382,8236.607079,9,-73,-39
382,8238.60607,16,-55,-37
382,8246.574221,25,-35,-40
383,8247.596442,9,-73,-41
383,8248.662282,16,-47,-35
383,8256.67474,25,-57,-24
384,8266.633685,9,-73,-37
384,8268.66026,16,-49,-36
384,8276.618418,25,-47,-31
385,8277.648022,9,-57,-38
385,8286.604061,16,-32,-29
385,8288.608073,25,-21,-40
386,8296.564932,9,-37,-33
386,8298.579921,16,-49,-29
386,8306.605284,25,-59,-29
387,8308.599588,9,-47,-33
387,8316.633611,16,-21,-25
387,8318.659363,25,-27,-54
388,8326.679264,9,-21,-21
388,8328.599229,16,-49,-2
388,8336.600573,25,-61,-50
389,8338.614822,9,-43,-53
389,8346.648458,16,-61,-46
389,8348.604051,25,-49,-25
390,8356.57565,9,-73,-26
390,8358.607206,16,-47,-22
390,8366.666003,25,-35,-24
391,8368.5654,9,-25,-23
391,8376.588127,16,-35,-26
391,8378.631433,25,-23,-27
392,8386.70701,9,-34,-27
392,8387.619447,16,-35,-28
392,8388.637362,25,-21,-27
393,8396.668392,9,-21,-25
393,8397.588735,16,-73,-29
393,8398.599521,25,-47,-34
394,8406.654516,9,-38,-28
394,8408.630788,16,-47,-27
394,8416.622084,25,-37,-39
395,8417.61116,9,-21,-25
395,8426.563913,16,-59,-35
395,8437.603967,25,-71,-71
396,8438.690482,9,-47,-23
396,8446.617428,16,-73,-22
396,8468.652206,25,-47,-27
397,8476.629378,9,-77,-25
397,8478.61407,16,-21,-25
397,8486.648443,25,-75,-22
398,8488.623879,9,-47,-23
398,8496.602948,16,-21,-29
398,8498.68365,25,-23,-33
399,8506.696172,9,-37,-32
399,8507.574777,16,-59,-35
399,8508.596693,25,-47,-47
400,8516.661153,9,-47,-24
400,8518.653899,16,-43,-53
400,8526.667166,25,-33,-26
401,8527.589347,9,-40,-25
401,8528.681387,16,-47,-28
401,8536.627592,25,-45,-43
402,8537.56619,9,-69,-21
402,8538.613833,16,-45,-54
402,8546.658521,25,-35,-29
403,8548.627923,9,-47,-22
403,8556.635969,16,-21,-23
403,8558.649192,25,-47,-23
404,8566.580305,9,-21,-23
404,8568.575977,16,-47,-23
404,8576.687375,25,-55,-25
405,8578.61852,9,-47,-21
405,8586.697982,16,-35,-25
405,8588.650721,25,-47,-21
406,8596.755128,9,-38,-21
406,8598.647345,16,-47,-25
406,8606.633093,25,-57,-28
407,8608.59595,9,-45,-53
407,8616.612839,16,-21,-24
407,8618.609322,25,-49,-25
408,8626.563397,9,-25,-24
408,8628.576772,16,-21,-27
408,8636.69431,25,-25,-25
409,8638.635825,9,-47,-22
409,8646.67183,16,-21,-50
409,8648.630752,25,-47,-34
410,8656.571421,9,-21,-37
410,8658.580092,16,-47,-34
410,8666.651981,25,-40,-36
411,8668.642404,9,-45,-58
411,8676.624039,16,-40,-34
411,8677.625297,25,-21,-24
412,8686.66949,9,-45,-25
412,8687.661852,16,-55,-27
412,8696.635189,25,-57,-27
413,8698.641683,9,-47,-55
413,8706.663195,16,-47,-28
413,8707.65676,25,-49,-29
414,8716.613375,9,-21,-41
414,8717.631325,16,-31,-35
414,8726.642896,25,-38,-28
415,8728.640234,9,-51,-38
415,8736.58049,16,-38,-28
415,8737.652137,25,-25,-31
416,8746.575369,9,-29,-28
416,8748.603622,16,-21,-25
416,8756.645158,25,-25,-26
417,8766.643708,9,-25,-27
417,8786.550007,16,-49,-2
417,8788.650678,25,-53,-29
418,8796.657571,9,-25,-26
418,8818.643523,16,-47,-25
418,8826.618555,25,-57,-30
419,8827.659051,9,-32,-79
419,8836.626469,16,-53,-24
419,8838.682795,25,-45,-24
420,8846.62024,9,-55,-55
420,8847.666539,16,-53,-32
420,8856.629439,25,-57,-46
421,8857.613244,9,-37,-23
421,8866.768237,16,-57,-35
421,8868.593187,25,-47,-21
422,8876.652764,9,-36,-47
422,8877.673172,16,-37,-27
422,8886.6578,25,-47,-35
423,8896.656074,9,-57,-25
423,8898.680279,16,-45,-29
423,8906.66829,25,-38,-27
424,8908.672653,9,-45,-26
424,8916.740722,16,-71,-25
424,8917.610028,25,-37,-27
425,8926.70376,9,-47,-25
425,8928.644159,16,-47,-27
425,8936.650968,25,-37,-25
426,8938.573526,9,-47,-29
426,8946.624865,16,-47,-36
426,8956.624178,25,-36,-38
427,8957.658372,9,-61,-25
427,8966.621921,16,-37,-29
427,8976.673373,25,-36,-34
428,8986.687901,9,-37,-25
428,8987.636124,16,-61,-29
428,8996.721182,25,-36,-23
429,9006.645041,9,-36,-52
429,9016.701756,16,-37,-23
429,9018.606411,25,-45,-39
430,9026.670875,9,-57,-31
430,9036.607538,16,-73,-21
430,9046.643018,25,-55,-29
431,9056.59595,9,-53,-29
431,9067.605054,16,-57,-39
431,9076.59135,25,-53,-36
432,9086.645967,9,-45,-27
432,9087.741513,16,-53,-27
432,9096.602319,25,-55,-31
433,9106.690297,9,-37,-37
433,9116.615903,16,-57,-34
433,9118.670854,25,-47,-29
434,9126.620905,9,-61,-29
434,9128.574472,16,-45,-29
434,9136.713188,25,-36,-38
435,9146.649438,9,-59,-37
435,9147.633323,16,-59,-27
435,9156.695044,25,-51,-29
436,9157.73664,9,-39,-25
436,9166.667093,16,-36,-26
436,9167.588406,25,-49,-55
437,9176.5934,9,-33,-22
437,9186.730164,16,-45,-23
437,9188.725428,25,-47,-23
438,9196.653813,9,-53,-27
438,9206.764968,16,-55,-28
438,9216.605213,25,-53,-46
439,9218.59206,9,-43,-35
439,9226.674341,16,-47,-31
439,9227.719608,25,-37,-35
440,9236.684243,9,-51,-33
440,9238.676543,16,-36,-35
440,9246.691219,25,-43,-39
441,9247.585774,9,-53,-39
441,9256.719455,16,-37,-34
441,9266.675576,25,-37,-28
442,9276.668335,9,-49,-37
442,9277.686348,16,-49,-35
442,9286.632329,25,-53,-41
443,9296.693615,9,-36,-2
443,9306.677868,16,-53,-41
443,9316.61444,25,-53,-28
444,9326.610277,9,-37,-30
444,9336.690431,16,-51,-31
444,9346.705015,25,-37,-35
445,9348.611515,9,-43,-35
445,9356.690552,16,-53,-33
445,9366.671146,25,-51,-30
446,9376.688419,9,-59,-26
446,9378.707861,16,-21,-29
446,9386.719341,25,-57,-27
447,9396.656257,9,-55,-23
447,9406.695091,16,-34,-26
447,9416.707036,25,-57,-31
448,9418.665157,9,-47,-29
448,9426.58696,16,-51,-23
448,9436.737387,25,-57,-41
449,9446.598446,9,-36,-37
449,9456.599188,16,-57,-29
449,9457.653696,25,-57,-37
450,9466.696466,9,-38,-29
450,9476.669323,16,-37,-29
450,9477.72326,25,-59,-37
451,9486.617374,9,-71,-28
451,9496.682026,16,-49,-28
451,9497.74736,25,-73,-25
452,9506.663186,9,-35,-28
452,9517.074343,16,-71,-29
452,9526.766953,25,-36,-26
453,9536.751111,9,-36,-27
453,9538.747314,16,-45,-29
453,9546.678314,25,-37,-30
454,9556.666369,9,-45,-31
454,9557.658962,16,-38,-31
454,9566.822622,25,-37,-37
455,9576.732398,9,-59,-52
455,9586.754459,16,-37,-39
455,9587.641696,25,-57,-35
456,9596.652344,9,-37,-28
456,9598.579999,16,-47,-39
456,9606.705923,25,-59,-37
457,9616.708136,9,-55,-36
457,9626.611779,16,-37,-51
457,9636.724588,25,-51,-53
458,9638.783048,9,-53,-53
458,9646.72074,16,-47,-62
458,9647.646475,25,-53,-42
459,9656.703838,9,-33,-23
459,9657.766499,16,-53,-23
459,9666.731073,25,-38,-27
460,9676.664356,9,-43,-27
460,9678.758367,16,-45,-31
460,9687.042597,25,-53,-27
461,9696.698083,9,-37,-33
461,9698.727609,16,-45,-29
461,9706.698654,25,-37,-29
462,9708.726845,9,-43,-27
462,9716.74257,16,-40,-27
462,9726.729921,25,-37,-27
463,9736.722689,9,-45,-27
463,9738.761919,16,-45,-25
463,9747.673236,25,-45,-25
464,9756.744505,9,-38,-46
464,9766.643856,16,-32,-35
464,9767.921979,25,-47,-55
465,9776.700952,9,-38,-33
465,9778.696294,16,-45,-25
465,9786.696595,25,-37,-41
466,9796.725058,9,-57,-28
466,9806.723304,16,-57,-46
466,9807.763166,25,-59,-43
467,9816.698164,9,-36,-31
467,9818.630178,16,-43,-37
467,9826.804908,25,-37,-39
468,9828.66887,9,-43,-45
468,9836.693863,16,-39,-36
468,9846.765219,25,-37,-34
469,9856.663984,9,-51,-31
469,9858.696079,16,-45,-35
469,9866.654811,25,-53,-30
470,9876.742577,9,-57,-29
470,9886.716709,16,-45,-22
470,9887.757714,25,-59,-21
471,9896.999586,9,-39,-52
471,9906.798668,16,-59,-23
471,9916.984634,25,-38,-35
472,9926.671142,9,-55,-27
472,9936.805979,16,-55,-37
472,9938.711765,25,-45,-29
473,9948.720455,9,-47,-28
473,9966.654625,16,-37,-25
473,9976.643908,25,-43,-27
474,9986.854247,9,-69,-38
474,9987.748904,16,-38,-39
474,9996.711937,25,-37,-26
475,9998.681863,9,-43,-29
475,10016.76843,16,-36,-22
475,10018.66859,25,-45,-28
476,10028.71305,9,-43,-23
476,10036.7178,16,-38,-55
476,10046.67044,25,-39,-44
477,10048.66781,9,-47,-23
477,10056.89561,16,-73,-25
477,10058.72236,25,-47,-42
478,10066.74083,9,-61,-25
478,10076.76445,16,-37,-25
478,10078.65171,25,-47,-45
479,10086.67554,9,-57,-29
479,10088.8137,16,-47,-23
479,10098.74472,25,-45,-25
480,10106.68997,9,-38,-21
480,10108.7501,16,-45,-21
480,10116.75764,25,-57,-35
481,10118.69467,9,-47,-36
481,10126.72468,16,-55,-33
481,10128.81679,25,-45,-27
482,10136.78953,9,-55,-24
482,10138.69598,16,-47,-25
482,10146.75488,25,-39,-25
483,10147.70409,9,-55,-25
483,10156.69136,16,-53,-25
483,10158.73437,25,-43,-31
484,10166.72502,9,-43,-27
484,10168.6871,16,-47,-25
484,10176.72148,25,-25,-38
485,10178.69621,9,-47,-36
485,10186.80832,16,-39,-29
485,10188.84569,25,-47,-27
486,10198.72705,9,-43,-28
486,10206.73686,16,-34,-39
486,10208.69673,25,-23,-28
487,10216.71006,9,-21,-25
487,10218.73481,16,-45,-33
487,10226.80611,25,-38,-39
488,10228.74305,9,-47,-39
488,10237.79465,16,-57,-41
488,10246.66455,25,-25,-33
489,10257.09507,9,-47,-29
489,10258.68557,16,-47,-29
489,10266.87816,25,-39,-33
490,10268.98155,9,-43,-30
490,10277.78411,16,-37,-35
490,10287.7328,25,-21,-37
491,10296.7666,9,-45,-36
491,10298.77342,16,-47,-37
491,10308.76911,25,-49,-36
492,10318.70785,9,-45,-33
492,10328.12367,16,-38,-37
492,10336.81832,25,-81,-27
493,10356.73454,9,-39,-25
493,10358.7535,16,-47,-27
493,10367.71492,25,-23,-38
494,10376.79519,9,-21,-37
494,10378.70212,16,-47,-39
494,10396.89124,25,-25,-49
495,10398.72124,9,-25,-37
495,10408.80178,16,-49,-37
495,10426.74263,25,-25,-40
496,10428.76606,9,-49,-38
496,10438.75902,16,-49,-37
496,10449.05783,25,-21,-42
497,10456.75911,9,-37,-33
497,10458.82689,16,-47,-34
497,10469.01884,25,-49,-42
498,10479.02869,9,-21,-35
498,10488.04741,16,-25,-39
498,10496.83981,25,-21,-41
499,10498.71845,9,-47,-38
499,10508.83875,16,-47,-37
499,10518.18661,25,-57,-39
500,10528.82073,9,-49,-37
500,10536.7845,16,-57,-39
500,10548.97762,25,-71,-24
501,10558.77112,9,-23,-30
501,10567.76987,16,-59,-27
501,10576.89381,25,-47,-23
502,10596.71764,9,-71,-31
502,10608.09175,16,-69,-35
502,10618.84546,25,-45,-37
503,10628.79095,9,-43,-37
503,10636.76978,16,-57,-37
503,10638.73739,25,-43,-34
504,10648.72854,9,-43,-21
504,10658.81587,16,-43,-21
504,10669.1175,25,-71,-37
505,10676.74224,9,-35,-26
505,10678.75491,16,-45,-23
505,10688.76535,25,-43,-23
506,10698.75234,9,-43,-28
506,10708.77698,16,-43,-35
506,10718.80159,25,-43,-25
507,10726.79044,9,-36,-29
507,10728.72759,16,-59,-27
507,10738.79988,25,-45,-33
508,10756.7574,9,-59,-26
508,10758.79153,16,-47,-34
508,10768.33459,25,-59,-29
509,10777.77829,9,-71,-25
509,10786.81766,16,-25,-22
509,10796.86396,25,-21,-27
510,10807.81521,9,-57,-28
510,10816.88979,16,-57,-25
510,10817.78202,25,-38,-27
511,10827.74612,9,-57,-29
511,10837.82582,16,-32,-29
511,10848.39244,25,-36,-39
512,10858.77975,9,-43,-27
512,10867.01764,16,-57,-28
512,10868.76029,25,-79,-30
513,10878.77039,9,-43,-34
513,10888.76598,16,-43,-29
513,10897.17846,25,-43,-23
514,10908.17814,9,-37,-28
514,10918.86718,16,-36,-25
514,10927.32912,25,-43,-24
515,10946.76099,9,-37,-39
515,10949.00742,16,-45,-27
515,10958.84449,25,-71,-29
516,10967.31628,9,-36,-27
516,10968.82785,16,-79,-27
516,10976.77499,25,-37,-30
517,10978.80695,9,-43,-25
517,10988.75924,16,-43,-26
517,10998.80896,25,-43,-25
518,11008.76382,9,-61,-24
518,11018.85998,16,-43,-26
518,11028.18218,25,-57,-23
519,11036.72267,9,-43,-43
519,11048.72795,16,-43,-56
519,11056.86642,25,-35,-25
520,11058.86771,9,-45,-48
520,11068.81076,16,-43,-55
520,11078.82051,25,-43,-52
521,11086.86854,9,-53,-21
521,11088.77513,16,-43,-24
521,11098.90692,25,-45,-23
522,11106.90997,9,-53,-24
522,11108.90098,16,-43,-33
522,11128.98116,25,-43,-28
523,11137.19231,9,-73,-25
523,11138.99092,16,-43,-23
523,11146.90908,25,-73,-25
524,11148.73385,9,-43,-27
524,11157.00024,16,-43,-24
524,11158.87943,25,-41,-24
525,11166.91667,9,-37,-30
525,11168.78128,16,-43,-25
525,11176.94485,25,-38,-31
526,11178.75524,9,-43,-29
526,11189.06938,16,-43,-22
526,11196.8575,25,-59,-25
527,11208.21845,9,-59,-27
527,11227.14481,16,-43,-28
527,11228.85024,25,-43,-23
528,11236.88127,9,-43,-25
528,11238.96,16,-59,-25
528,11257.00508,25,-59,-28
529,11279.82925,9,-43,-48
529,11306.91774,16,-55,-21
529,11309.25694,25,-43,-55
530,11316.8519,9,-38,-23
530,11319.00538,16,-43,-42
530,11326.83841,25,-39,-47
531,11330.2255,9,-43,-56
531,11337.09667,16,-57,-23
531,11339.01887,25,-43,-42
532,11357.03862,9,-59,-32
532,11367.8229,16,-43,-22
532,11378.83771,25,-43,-49
533,11387.40274,9,-47,-57
533,11396.91095,16,-63,-21
533,11398.94237,25,-45,-57
534,11407.05182,9,-47,-35
534,11416.92988,16,-43,-21
534,11428.21117,25,-38,-47
535,11437.80674,9,-38,-40
535,11448.8481,16,-43,-48
535,11456.88032,25,-61,-42
536,11466.86805,9,-75,-21
536,11468.85888,16,-43,-23
536,11488.93316,25,-43,-49
537,11496.87161,9,-45,-55
537,11498.89367,16,-36,-21
537,11506.86497,25,-36,-24
538,11509.01891,9,-43,-23
538,11516.91044,16,-43,-55
538,11527.00334,25,-57,-45
539,11539.011,9,-43,-29
539,11547.29249,16,-45,-30
539,11568.68022,25,-45,-35
540,11576.77018,9,-57,-3
540,11578.89043,16,-45,-35
540,11586.78968,25,-57,-30
541,11598.15634,9,-55,-31
541,11608.90118,16,-45,-31
541,11616.72591,25,-38,-33
542,11628.29817,9,-53,-35
542,11637.07209,16,-37,-31
542,11648.15502,25,-71,-25
543,11657.75859,9,-21,-25
543,11668.82604,16,-45,-25
543,11677.05335,25,-35,-23
544,11698.13547,9,-59,-25
544,11716.83772,16,-43,-31
544,11748.34171,25,-59,-24
545,11757.83547,9,-37,-31
545,11767.11942,16,-59,-24
545,11798.83145,25,-47,-29
546,11806.91817,9,-49,-25
546,11818.39771,16,-59,-27
546,11838.90954,25,-47,-23
547,11848.18941,9,-61,-23
547,11866.95262,16,-59,-27
547,11878.94062,25,-57,-27
548,11888.40254,9,-57,-25
548,11897.08627,16,-49,-23
548,11956.92741,25,-53,-31
549,11967.3073,9,-23,-23
549,11999.00503,16,-47,-24
549,12007.00847,25,-47,-23
550,12027.28843,9,-23,-23
550,12036.96707,16,-57,-23
550,12057.4594,25,-55,-23
551,12066.8871,9,-47,-24
551,12090.01211,16,-47,-25
551,12107.19358,25,-49,-32
552,12137.07639,9,-73,-24
552,12146.9773,16,-49,-24
552,12157.39434,25,-47,-24
553,12166.96826,9,-21,-27
553,12186.99021,16,-37,-33
553,12197.04444,25,-73,-35
554,12216.97379,9,-57,-23
554,12227.14276,16,-57,-24
554,12258.79988,25,-47,-27
555,12267.07867,9,-43,-26
555,12277.08336,16,-55,-45
555,12306.98827,25,-33,-27
556,12327.46707,9,-55,-44
556,12348.2618,16,-47,-23
556,12357.48146,25,-47,-25
557,12367.32824,9,-55,-21
557,12377.18218,16,-47,-53
557,12417.45222,25,-34,-46
558,12429.90444,9,-47,-21
558,12468.54635,16,-57,-25
558,12478.97127,25,-45,-25
559,12488.27056,9,-61,-23
559,12499.77914,16,-61,-33
559,12508.54805,25,-21,-45
560,12518.93261,9,-57,-28
560,12528.7353,16,-47,-24
560,12547.30733,25,-57,-24
561,12557.11444,9,-57,-21
561,12567.14011,16,-47,-53
561,12577.47942,25,-36,-54
562,12587.12923,9,-71,-53
562,12597.50073,16,-47,-36
562,12608.70272,25,-47,-40
563,12617.12907,9,-57,-47
563,12628.24025,16,-57,-47
563,12636.92108,25,-61,-24
564,12648.43655,9,-47,-22
564,12657.11818,16,-57,-53
564,12667.3536,25,-49,-27
565,12677.89787,9,-57,-25
565,12687.1977,16,-35,-25
565,12699.10957,25,-47,-25
566,12711.40131,9,-49,-23
566,12721.09176,16,-47,-25
566,12778.33813,25,-38,-35
567,12807.87443,9,-39,-29
567,12818.71177,16,-47,-22
567,12828.32575,25,-57,-21
568,12837.10108,9,-47,-22
568,12847.50672,16,-47,-31
568,12867.52002,25,-45,-32
569,12877.17826,9,-47,-27
569,12888.26586,16,-37,-26
569,12899.74128,25,-53,-30
570,12907.40326,9,-57,-21
570,12918.69357,16,-43,-26
570,12928.97309,25,-21,-28
571,12948.97514,9,-43,-25
571,12957.10083,16,-43,-28
571,12969.40675,25,-43,-25
572,12988.4003,9,-38,-26
572,12998.19836,16,-34,-23
572,13007.27763,25,-35,-26
573,13018.32223,9,-36,-37
573,13027.28991,16,-47,-25
573,13037.45262,25,-47,-25
574,13050.90316,9,-43,-33
574,13069.05344,16,-43,-29
574,13079.41131,25,-45,-24
575,13128.87973,9,-45,-33
575,13156.97357,16,-23,-33
575,13169.00303,25,-43,-38
576,13198.64474,9,-45,-32
576,13207.42504,16,-25,-36
576,13219.21141,25,-43,-38
577,13238.77151,9,-25,-31
577,13248.35292,16,-21,-29
577,13278.72137,25,-43,-46
578,13298.37443,9,-55,-32
578,13320.72588,16,-25,-28
579,13325.57994,9,-59,-42
579,13335.67333,16,-57,-47
579,13337.60307,25,-45,-31
580,13345.59058,9,-36,-33
580,13355.56495,16,-59,-2
580,13356.59078,25,-71,-35
581,13357.72094,9,-43,-39
581,13365.61087,16,-37,-24
581,13375.61085,25,-69,-26
582,13385.62339,9,-37,-25
582,13386.65167,16,-63,-27
582,13395.64436,25,-73,-23
583,13406.65501,9,-53,-25
583,13415.64437,16,-47,-37
583,13416.56693,25,-75,-25
584,13425.5604,9,-21,-53
584,13426.58543,16,-71,-22
584,13435.57286,25,-59,-30
585,13436.60135,9,-69,-27
585,13445.59207,16,-34,-56
585,13455.60151,25,-61,-23
586,13456.63471,9,-61,-25
586,13465.63576,16,-73,-24
586,13466.66381,25,-45,-27
587,13475.56819,9,-71,-25
587,13476.59546,16,-59,-27
587,13485.58196,25,-35,-26
588,13495.597,9,-45,-25
588,13496.62234,16,-37,-27
588,13497.65265,25,-45,-29
589,13505.65001,9,-43,-25
589,13507.68993,16,-43,-30
589,13515.58282,25,-59,-24
590,13516.61441,9,-69,-59
590,13525.60679,16,-47,-31
590,13526.63933,25,-73,-26
591,13535.64067,9,-43,-25
591,13536.57626,16,-47,-27
591,13545.67072,25,-69,-30
592,13546.60934,9,-73,-35
592,13547.64378,16,-47,-41
592,13555.64183,25,-39,-25
593,13566.66576,9,-59,-35
593,13575.65899,16,-59,-32
593,13585.58115,25,-59,-37
594,13586.61874,9,-59,-39
594,13595.60865,16,-79,-28
594,13596.63385,25,-71,-31
595,13605.62677,9,-37,-38
595,13606.6539,16,-35,-41
595,13615.66166,25,-43,-35
596,13616.59948,9,-36,-38
596,13625.60009,16,-43,-27
596,13626.63214,25,-37,-47
597,13635.64862,9,-57,-27
597,13637.58262,16,-47,-35
597,13645.6669,25,-45,-28
598,13646.60836,9,-35,-35
598,13655.59953,16,-36,-30
598,13666.61303,25,-59,-29
599,13675.6185,9,-39,-29
599,13676.64715,16,-61,-35
599,13685.65867,25,-43,-29
600,13695.58505,9,-43,-29
600,13697.62015,16,-43,-37
600,13705.61858,25,-55,-37
601,13706.65624,9,-34,-29
601,13715.65254,16,-73,-34
601,13716.69496,25,-55,-31
602,13717.63632,9,-47,-27
602,13725.64483,16,-59,-26
602,13735.66513,25,-55,-27
603,13736.59778,9,-71,-33
603,13745.59928,16,-57,-21
603,13746.62969,25,-23,-23
604,13747.67178,9,-47,-25
604,13755.69015,16,-32,-29
604,13756.62534,25,-57,-29
605,13757.66324,9,-43,-29
605,13765.58297,16,-34,-37
605,13766.62109,25,-57,-41
606,13775.62708,9,-45,-29
606,13785.60231,16,-57,-2
606,13786.63357,25,-47,-37
607,13795.63407,9,-57,-32
607,13805.5737,16,-55,-2
607,13806.6125,25,-57,-37
608,13815.6118,9,-57,-28
608,13825.62085,16,-38,-39
608,13826.65351,25,-57,-37
609,13835.65467,9,-47,-29
609,13845.67956,16,-37,-35
609,13846.61339,25,-57,-35
610,13855.62641,9,-55,-27
610,13865.65888,16,-57,-27
610,13876.5979,25,-47,-31
611,13885.61936,9,-57,-28
611,13887.66751,16,-45,-27
611,13895.66539,25,-34,-27
612,13896.61519,9,-43,-29
612,13897.65221,16,-45,-29
612,13905.64137,25,-57,-27
613,13906.57944,9,-57,-27
613,13915.6025,16,-37,-29
613,13926.60994,25,-57,-2
614,13935.63487,9,-57,-27
614,13936.67101,16,-57,-35
614,13937.70997,25,-45,-37
615,13945.61338,9,-57,-27
615,13947.65554,16,-43,-27
615,13955.6439,25,-25,-32
616,13957.68498,9,-47,-35
616,13965.58284,16,-27,-23
616,13966.62635,25,-25,-23
617,13967.67685,9,-47,-29
617,13975.68503,16,-43,-23
617,13977.72958,25,-34,-25
618,13985.63565,9,-23,-36
618,13986.68435,16,-23,-21
618,13995.69128,25,-45,-23
619,13996.63287,9,-25,-23
619,14005.65965,16,-37,-47
619,14015.69773,25,-51,-51
620,14016.64517,9,-38,-21
620,14025.65164,16,-39,-53
620,14035.69281,25,-49,-36
621,14036.6305,9,-49,-37
621,14037.67103,16,-41,-41
621,14045.66725,25,-43,-31
622,14046.6239,9,-51,-29
622,14055.64559,16,-43,-45
622,14056.58775,25,-51,-23
623,14065.60319,9,-43,-22
623,14066.64299,16,-55,-29
623,14075.64297,25,-49,-29
624,14077.58993,9,-37,-29
624,14085.59624,16,-47,-23
624,14086.64843,25,-59,-23
625,14095.5793,9,-43,-30
625,14097.63512,16,-47,-25
625,14105.63183,25,-61,-25
626,14107.68367,9,-47,-37
626,14115.60319,16,-21,-34
626,14116.64551,25,-21,-35
627,14125.66439,9,-23,-33
627,14136.70567,16,-53,-24
627,14145.61796,25,-51,-23
628,14147.70579,9,-32,-23
628,14155.62299,16,-49,-25
628,14157.66755,25,-43,-28
629,14165.58082,9,-43,-37
629,14175.64303,16,-43,-25
629,14176.58637,25,-55,-35
630,14185.59851,9,-47,-44
630,14186.64652,16,-21,-29
630,14195.65815,25,-53,-31
631,14196.59734,9,-53,-29
631,14205.61099,16,-49,-37
631,14215.65387,25,-51,-37
632,14216.60466,9,-53,-37
632,14225.62691,16,-49,-31
632,14226.6641,25,-49,-25
633,14235.59055,9,-45,-53
633,14236.63272,16,-51,-27
633,14237.69945,25,-43,-29
634,14245.62427,9,-53,-25
634,14247.59499,16,-43,-26
634,14255.60184,25,-35,-24
635,14265.67031,9,-43,-27
635,14275.57632,16,-43,-2
635,14276.62801,25,-53,-24
636,14285.65892,9,-49,-41
636,14295.70426,16,-32,-37
636,14306.65983,25,-34,-30
637,14307.71775,9,-43,-28
637,14315.65025,16,-45,-21
637,14317.60918,25,-39,-25
638,14325.63606,9,-49,-26
638,14327.59454,16,-43,-25
638,14335.6081,25,-47,-23
639,14337.69173,9,-41,-25
639,14345.60817,16,-31,-26
639,14347.65748,25,-43,-22
640,14355.62713,9,-51,-38
640,14356.67028,16,-49,-25
640,14365.58302,25,-53,-27
641,14366.65056,9,-53,-27
641,14375.56335,16,-43,-2
641,14377.62567,25,-45,-29
642,14385.66173,9,-49,-27
642,14396.63056,16,-47,-27
642,14397.68334,25,-43,-27
643,14405.70298,9,-43,-29
643,14406.64453,16,-47,-25
643,14407.5997,25,-43,-30
644,14415.62749,9,-45,-43
644,14425.6934,16,-49,-29
644,14436.64597,25,-49,-31
645,14445.57727,9,-43,-2
645,14456.67306,16,-49,-33
645,14465.70151,25,-43,-26
646,14466.6741,9,-47,-29
646,14475.61354,16,-47,-25
646,14477.66814,25,-43,-21
647,14485.70044,9,-32,-28
647,14496.65225,16,-49,-45
647,14503.56654,25,-43,-2
648,14505.57392,9,-43,-31
648,14506.58182,16,-34,-26
648,14515.58092,25,-49,-29
